{"cameraMode":{"drawMode":0,"name":"Shaded","section":"Shading Mode"},"sceneLighting":true,"audioPlay":false,"sceneViewState":{"showFog":true,"showMaterialUpdate":false,"showSkybox":true,"showFlares":true,"showImageEffects":true,"showParticleSystems":true},"in2DMode":false,"pivot":{"x":7.920000076293945,"y":0.9200000762939453,"z":-7.8899993896484379},"rotation":{"x":0.09344583004713059,"y":0.8878390192985535,"z":-0.20741358399391175,"w":0.3999998867511749},"size":10.12269115447998,"orthographic":true}